platform,game,region,code,box,manual,comment
Atari ST,Elite,PAL,???,No,No,
Atari ST,Football Manager 2,PAL,???,Yes,Yes,
Atari ST,Ikari Warriors,PAL,???,Yes,Yes,
Atari ST,STOS: The Game Creator,PAL,???,Yes,Yes,Not really a game but I'll include it anyway. It is a form of BASIC for Atari ST.
GB/GBC,"Legend of Zelda, The: Link's Awakening DX",PAL,DMG-AZLP-EUR,No,No,
GB/GBC,Bomberman Collection,NTSC (JP),DMG-ABCJ-JPN,Yes,Yes,Metal tin case.
GB/GBC,Daiku no Gen-san: Robot Teikoku no Yabou,NTSC (JP),DMG-D9J,Yes,Yes,
GB/GBC,Disney's Dinosaur,PAL,CGB-BDNP-EUR,No,No,
GB/GBC,Donkey Kong 2001,NTSC (JP),CGB-BDDJ-JPN,Yes,Yes,
GB/GBC,Donkey Kong Land,NTSC (JP),DMG-YTJ-JPN,No,No,Super Donkey Kong GB
GB/GBC,Donkey Kong,PAL,DMG-QD-UKV,No,No,
GB/GBC,Double Dragon,PAL,DMG-DD-SCN,No,No,
GB/GBC,Dr. Mario,PAL,DMG-VU-SCN,No,No,
GB/GBC,GAME USA COLOR: 32 IN 1,"""US""",UC-32A08,No,No,Pirate cart. PCB has the code BC-T08JM etched into it
GB/GBC,GAME USA COLOR: 33 IN 1,"""US""",UC-33H03,No,No,"Pirate cartridge that actually has 33 unique games as promised on the label, including all Pokémon games up to G/S.Save battery is dead."
GB/GBC,GAME USA COLOR: SUPER MARIO PARTY 12 IN 1,??,UC-12B01,No,No,"Another pirate cartridge with 12 games, which includes a lot of Mario games. Some of the games are duplicates."
GB/GBC,Galaga & Galaxian,NTSC (JP),DMG-AGCJ-JPN,Yes,Yes,
GB/GBC,Game Boy Wars Turbo,NTSC (JP),DMG-AGWJ-JPN,Yes,Yes,Metal tin case.
GB/GBC,Game Boy Wars,NTSC (JP),DMG-GWJ,No,No,
GB/GBC,Gargoyle's Quest,PAL,DMG-RA-SCN,No,No,
GB/GBC,Kirby's Dream Land 2,NTSC (JP),DMG-AKBJ-JPN,No,No,
GB/GBC,Kirby's Dream Land,NTSC (JP),DMG-KYJ,No,No,
GB/GBC,Kwirk,PAL,DMG-AP-NOE,No,No,
GB/GBC,Mario's Picross,PAL,DMG-APCP-NOE,No,No,
GB/GBC,Micro Machines V3,PAL,CGB-BM3P-EUR,No,No,
GB/GBC,Momotaro Collection 2,NTSC (JP),DMG-AM3J-JPN,Yes,Yes,Metal tin case.
GB/GBC,Motocross Maniacs,PAL,DMG-MX-NOE,No,No,
GB/GBC,Mr. Nutz,PAL,CGB-ANUP-EUR,No,No,GBC version
GB/GBC,Nemesis II,NTSC (JP),DMG-NEA,No,No,
GB/GBC,Pocket Camera,NTSC (JP),(GBD-S-SPAA-JPN),Yes,Yes,Clear Purple
GB/GBC,Pocket Monsters Midori,NTSC (JP),DMG-P-APBJ(JPN),Yes,Yes,AKA Pokémon Green. Also includes the map.
GB/GBC,Pokémon Blue,PAL,DMG-APEU-EUR,No,No,I have two of these.
GB/GBC,Pokémon Crystal,PAL,CGB-BYTP-EUR-1,No,No,
GB/GBC,Pokémon Gold,PAL,DMG-AAUP-EUR-1,Yes,Yes,Box has Product code: DMG-P-AAUP-NHAU. Manual has Product code: DMG-P-PKGS-NSWF.
GB/GBC,Pokémon Pinball,PAL,DMG-VPHP-EUR,No,No,
GB/GBC,Pokémon Trading Card Game,PAL,DMG-AXQP-NOE,No,No,
GB/GBC,Puyo Puyo 2,NTSC (JP),DMG-APYJ-JPN,Yes,Yes,
GB/GBC,Puyo Puyo Sun,NTSC (JP),DMG-AYSJ-JPN,Yes,Yes,
GB/GBC,Puzznic,NTSC (JP),DMG-PZA,Yes,Yes,
GB/GBC,Qix,NTSC (JP),DMG-QXA,No,No,
GB/GBC,Revenge of the Gator,NTSC (NA),DMG-PB-USA,No,No,
GB/GBC,Solomon's Club,PAL,DMG-SC-SCN,No,No,
GB/GBC,Super Mario Bros. Deluxe,PAL,CGB-AHYP-EUR-1,No,No,
GB/GBC,Super Mario Land 2,PAL,DMG-MQ-UKV,Yes,Yes,
GB/GBC,Super Mario Land,PAL,DMG-ML-SCN,No,No,
GB/GBC,Tetris DX,PAL,DMG-ATEA-EUR,Yes,No,
GB/GBC,Tetris Plus,NTSC (NA),DMG-ATRE-USA,No,No,
GB/GBC,Tetris v1.0,NTSC (JP),DMG-TRA,No,No,"Has the number ""05"" stamped into the label."
GB/GBC,Tetris,NTSC (JP),DMG-TRA,Yes,Yes,
GB/GBC,Tetris,PAL,DMG-TR-SCN,No,No,
GB/GBC,Trip World,NTSC (JP),DMG-T4A,No,No,There's something written on the back of the cart in sharpie. Otherwise in excellent condition.
GB/GBC,Wario Land II,PAL,DMG-AWLP-EUR,Yes,Yes,GBC Version. Box and manual has Product code: DMG-AWLP-NEU6
GB/GBC,Wario Land: Super Mario Land 3,PAL,DMG-WJ-EUR,No,No,There's a tear on the label but it's not too bad.
GB/GBC,Wizards & Warriors X: Fortress of Fear,PAL,DMG-WW-NOE,No,No,
Gakken LCD Games,Trojan Horse,,,Yes,Yes,
Game Boy Advance,"Legend of Zelda, the: The Minish Cap",PAL,AGB-BZMP-EUR,Yes,Yes,Box has Product code: AGB-BZMP-NEU6. Manual has Product code: AGB-P-BZMP-NUK4
Game Boy Advance,Catz,PAL,AGB-AN3P-UKV-1,Yes,Yes,...Yes
Gamecube,"Legend of Zelda, the: Collector's Edition",PAL,DL-DOL-PZLP-EUR,Yes,Yes,Box and manual has Product code: DOL-PZLP-UKV
Gamecube,"Legend of Zelda, the: The Wind Waker LE",PAL,WW Disc: DL-DOL-GZLP-EUR-01 OOT Disc: DL-DOL-D43P-EUR-01,Yes,Yes,Limited Edition release. Box has Product code: DOL-GZLP-UKV. Manual has Product code: IM-DOL-GZLP-SWE
Gamecube,"Legend of Zelda, the: Twilight Princess",NTSC (NA),DL-DOL-GZ2E-USA,Yes,Yes,Includes Nintendo Power registration card
Gamecube,Beyond Good & Evil,PAL,DL-DOL-GGEP-EUR,Yes,Yes,Box: DOL-GGEP-EUR. Manual: DOL-GGEP-EUR-M
Gamecube,Eternal Darkness: Sanity's Requiem,PAL,DL-DOL-GEDP-EUR,Yes,Yes,Box: DOL-GEDP-UKV. Manual IM-DOL-GEDP-SWD
Gamecube,F-Zero GX,PAL,DL-DOL-GFZP-EUR,Yes,Yes,Box has Product code: DOL-GFZP-UKV. Manual: IM-DOL-GFZP-SWD
Gamecube,Game Boy Player Startup Disc,PAL,DOL-UGPP-EUR,Yes,No,"No box for the accessory itself, only the regular box for the disc."
Gamecube,Gun,PAL,DL-DOL-GUMP-EUR,Yes,Yes,Italian release. Game in english. Box has Product code: DOL-GUMP-ITA. Manual has Product code: DOL-GUMP-ITA-M
Gamecube,Ikaruga,PAL,DL-DOL-GIKP-UKV-01,Yes,Yes,Box and manual has Product code: DOL-GIKP-EUR
Gamecube,Luigi's Mansion,PAL,DL-DOL-GLMP-EUR,Yes,Yes,Box has Product code: DOL-GLMP-UKV. Manual has Product code IM-DOL-GLMP-SWD
Gamecube,Mario Kart: Double Dash,PAL,DL-DOL-GM4P-EUR,Yes,Yes,Box has Product code: DOL-GM4P-UKV. Manual has Product code: IM-DOL-GM4P-SWD. The box is made out of red plastics.
Gamecube,Mario Smash Football,PAL,DL-DOL-G4QP-EUR,Yes,Yes,Box has Product code: DOL-G4QP-UKV. Manual has Product code: IM-DOL-G4QP-SWD
Gamecube,Metroid Prime,PAL,DL-DOL-GM8P-EUR-01,Yes,Yes,Player's Choice release. Box has Product code: DOL-GM8P-UKV-1. Manual has Product code: IM-DOL-GM8P-SWD
Gamecube,P.N.03,NTSC (JP),DL-DOL-GPNJ-JPN,Yes,Yes,Includes registration card
Gamecube,Paper Mario: The Thousand-Year Door,PAL,DL-DOL-G8MP-EUR,Yes,Yes,Box has Product code: DOL-G8MP-UKV. Manual has Product code: IM-DOL-G8MP-SWD
Gamecube,Pikmin,PAL,DL-DOL-GPIP-EUR,Yes,Yes,Box: DOL-GPIP-UKV. Manual: IM-DOL-GPIP-SWD
Gamecube,Resident Evil 4,PAL,Disc 1: DL-DOL-G4BP-0-EUR               Disc 2: DL-DOL-G4BP-1-EUR,Yes,Yes,Box has Product code: DOL-G4BP-EUR. Manual has Product code: IM-DOL-G4BP-SWD
Gamecube,Resident Evil,PAL,DL-DOL-GBIP-0-EUR,Yes,Yes,Box and manual has Product code: DOL-GBIP-UKV
Gamecube,Soul Calibur II,PAL,DL-DOL-GRSP-EUR,Yes,Yes,Player's Choice release. Box has Product code: DOL-GRSP-UKV. Manual has Product code: IM-DOL-GRSP-SWD
Gamecube,Super Mario Sunshine,PAL,DL-DOL-GMSP-EUR-01,Yes,Yes,Player's Choice release. Box has Product code: DOL-GMSP-UKV. Manual has Product code: IM-DOL-GMSP-SWD
Gamecube,Super Smash Bros. Melee,PAL,DL-DOL-GALP-EUR-01,Yes,Yes,Player's Choice release. Box has Product code: DOL-GALP-UKV. Manual has Product code: IM-DOL-GALP-SWD-2
Gamecube,Tales of Symphonia,PAL,Disc 1: DL-DOL-GQSP-0-UKV Disc 2: DL-DOL-GQSP-1-UKV,Yes,Yes,Box has Product code: DOL-GQSP-UKV. Manual has Product code: IM-DOL-GQSP-SWD
Gamecube,Tetris Worlds,PAL,DL-DOL-GTRP-EUR,Yes,Yes,Box: DOL-GTRP-UKV. Manual: DOL-GTRP-UKV-M
Gamecube,The Sims: Bustin' out,PAL,DL-DOL-G4MP-EUR-01,No,No,
Gamecube,True Crime: Streets of LA,PAL,DL-DOL-GTLP-UKV,Yes,Yes,Box: DOL-GTLP-UKV. Manual: DOL-GTLP-UKV-M
Gamecube,Viewtiful Joe,PAL,DL-DOL-GVJP-EUR,Yes,Yes,Box has Product code: DOL-GVJP-SCN. Manual has Product code: DOL-GVJP-SCN-M
Gamecube,Wave Race: Blue Storm,PAL,DL-DOL-GWRP-EUR,Yes,Yes,Box has Product code: DOL-GWRP-UKV. Manual: IM-DOL-GWRP-SWD
Mega Drive,Bare Knuckle,NTSC (JP),G-4050,Yes,Yes,aka Streets of Rage
Mega Drive,Bonanza Bros.,NTSC (JP),670-1396,Yes,Yes,
Mega Drive,Columns,NTSC (JP),G-4035,Yes,No,
Mega Drive,Gunstar Heroes,NTSC (JP),G-4103,Yes,Yes,
Mega Drive,Lotus Turbo Challenge,PAL,--,Yes,Yes,The cartridge has lost the yellow tab
Mega Drive,NBA JAM,PAL,T-81326-50,Yes,No,
Mega Drive,Quack Shot,PAL,670-1710-50,Yes,Yes,
Mega Drive,Ristar,NTSC (NA),--,No,No,
Mega Drive,Sonic the Hedgehog 2,PAL,670-2480-50,Yes,No,
Mega Drive,Sonic the Hedgehog,PAL,670-1470-50S,Yes,Yes,
Mega Drive,Super Hang-On,PAL,--,Yes,Yes,
Mega Drive,Super Street Fighter II,NTSC (NA),T-12056,Yes,Yes,Includes warranty card
NES/FC,"Adventures of Rad Gravity, the",PAL B,NES-2A-EEC (SCN),Yes,No,
NES/FC,"Battle of Olympus, the",PAL B,NES-AD-EEC (DAS),No,No,
NES/FC,"Goonies II, the",PAL B,NES-GU-EEC (DAS),Yes,No,
NES/FC,"Goonies, the",NTSC (JP),RC809,Yes,Yes,
NES/FC,"Guardian Legend, the",PAL B,NES-GD-SCN,No,No,
NES/FC,"Legend of Zelda, the",NTSC (NA),NES-ZL-USA,No,No,
NES/FC,"Quest of Ki, the",NTSC (JP),??,No,No,
NES/FC,1943: The Battle of Midway,NTSC (NA),NES-43-USA,No,No,
NES/FC,Abadox: The Deadly Inner War,NTSC (NA),NES-A3-USA,No,No,Cart is a bit yellowed.
NES/FC,Adventure Island,NTSC (NA),NES-TB-USA,No,No,
NES/FC,Adventures of Lolo 2,PAL B,NES-A4-SCN,Yes,Yes,
NES/FC,Adventures of Lolo 3,PAL B,NES-QL-SCN,Yes,Yes,
NES/FC,Air Fortress,NTSC (JP),HAL-AI,Yes,Yes,
NES/FC,Akumajō Densetsu,NTSC (JP),RC845,No,No,aka Castlevania III
NES/FC,Akumajō Special: Boku Dracula-kun!,NTSC (JP),RC847,No,No,Also known as Kid Dracula
NES/FC,Antarctic Adventure,NTSC (JP),RC804,No,No,
NES/FC,Babel no Tō,NTSC (JP),NBL-3900 (16),Yes,Yes,
NES/FC,Balloon Fight,NTSC (JP),,No,No,
NES/FC,Baseball,NTSC (JP),HVC-BA,Yes,Yes,"Later release, non-pulse line cart with silver box"
NES/FC,Batman,NTSC (NA),NES-B4-USA,No,No,
NES/FC,Battle City,NTSC (JP),NBC-4500 (09),Yes,No,
NES/FC,Binary Land,NTSC (JP),HFC-BI,Yes,No,
NES/FC,Bionic Commando,NTSC (NA),NES-CM-USA,No,No,
NES/FC,Bird Week,NTSC (JP),TFS-BK,Yes,Yes,
NES/FC,Blades of Steel,PAL B,NES-VS-EEC (SCN),Yes,No,
NES/FC,Blaster Master,PAL B,NES-VM-EEC (SCN),Yes,Yes,I have two boxes. I replaced the original one in really bad shape with a nicer one.
NES/FC,Blue Shadow,PAL B,NES-27-SCN,No,No,
NES/FC,Bomberman II,NTSC (JP),HFC-2X,Yes,Yes,
NES/FC,Bubble Bobble,PAL B,NES-B2-EEC (SCN),No,No,
NES/FC,BurgerTime,NTSC (JP),NBT-4500 (11),Yes,Yes,
NES/FC,Castlevania II: Simon's Quest,PAL B,NES-QU-EEC (SCN),Yes,Yes,
NES/FC,Castlevania,NTSC (NA),NES-CV-USA,No,No,
NES/FC,Chip 'n' Dale: Rescue Rangers,PAL B,NES-RU-SCN,No,No,
NES/FC,Code Name: Viper,NTSC (NA),NES-VP-USA,No,No,
NES/FC,Conquest of the Crystal Palace,NTSC (NA),,No,No,
NES/FC,Contra,NTSC (JP),RC826,No,No,
NES/FC,Crisis Force,NTSC (JP),RC859,Yes,Yes,
NES/FC,De-Block,NTSC (JP),ATH-9L,Yes,Yes,
NES/FC,Devil World,PAL B,Unmarked,No,No,5 screw release
NES/FC,Dig Dug II,NTSC (JP),NDDII-4500 (14),Yes,Yes,
NES/FC,Donkey Kong,NTSC (JP),HVC-DK,No,No,"""Pulse line"""
NES/FC,Double Dragon III,NTSC (JP),TJC-ZW,No,No,
NES/FC,Downtown Special: Kunio-kun no Jidaigeki da yo - Zenin Shūgō!,NTSC (JP),TJC-J6,No,No,
NES/FC,Dr. Mario,NTSC (JP),HVC-VU,No,No,
NES/FC,Dragon Buster,NTSC (JP),??,Yes,Yes,Namco clamshell case
NES/FC,Dragon Spirit,NTSC (JP),??,Yes,No,Namco clamshell case
NES/FC,Dragon's Lair,PAL B,NES-L9-SCN,Yes,Yes,
NES/FC,DuckTales,PAL B,NES-UK-EEC (SCN),No,No,
NES/FC,Excitebike,PAL B,Unmarked,No,No,5 screw release
NES/FC,F-15 Strike Eagle,PAL B,NES-8F-SCN/SWE,No,No,
NES/FC,Famicom Wars,NTSC (JP),HVC-FW,No,No,
NES/FC,Family Boxing,NTSC (JP),??,Yes,Yes,aka Ring King. Namco clamshell case
NES/FC,Family Pinball,NTSC (JP),??,Yes,Yes,Namco clamshell case
NES/FC,Family Tennis,NTSC (JP),??,Yes,Yes,Namco clamshell case
NES/FC,Faxanadu,PAL B,NES-FX-NOE (DAS),No,No,
NES/FC,Final Lap,NTSC (JP),??,Yes,Yes,Namco clamshell case
NES/FC,Flipull,NTSC (JP),TFC-FP-3900 (29),Yes,No,Clamshell case
NES/FC,Four Players' Tennis,PAL B,NES-74-NOE (DAS),No,No,
NES/FC,Galaga,NTSC (JP),NGG-4500 (05),Yes,Yes,
NES/FC,Galaxian,NTSC (JP),NGX-4500 (01),Yes,Yes,
NES/FC,Ganbare Goemon 2,NTSC (JP),RC833,No,No,
NES/FC,Ganbare Goemon! Karakuri Dōchū,NTSC (JP),RC815,No,No,
NES/FC,Getsu Fuma Den,NTSC (JP),,No,No,
NES/FC,Ghost'n Goblins,PAL B,NES-GG-EEC (SCN),No,No,
NES/FC,Golf,PAL A,NES-GF-GBR (EAI),Yes,Yes,
NES/FC,Gradius II,NTSC (JP),RC832,No,No,
NES/FC,Gradius,NTSC (NA),NES-GR-USA,No,No,
NES/FC,Gremlins 2,NTSC (JP),??,No,No,
NES/FC,Gun.Smoke,NTSC (NA),NES-GK-USA,No,No,Single-character label
NES/FC,Gyruss,NTSC (NA),NES-YS-USA,No,No,
NES/FC,Hammerin' Harry,PAL B,NES-59-FRG (DAS),No,No,
NES/FC,Hatris,NTSC (JP),BPS-JZ,Yes,Yes,Seems unopened
NES/FC,Hector 87,NTSC (JP),HFC-HH,Yes,Yes,
NES/FC,Hello Kitty World,NTSC (JP),CTS-HW,Yes,Yes,Pretty much mint. Includes stickers.
NES/FC,Hi no Tori,NTSC (JP),RC817,No,No,
NES/FC,Ice Climber,PAL B,NES-IC-SCN,Yes,Yes,"Small Box. The box is a bit damaged, especially the top flap which I've taped a little to make it close easier."
NES/FC,Ice Hockey,PAL B,NES-HY-EEC (???),No,No,Is probably SCN release.
NES/FC,Ikki,NTSC (JP),,No,No,
NES/FC,Jackal,NTSC (NA),NES-JK-USA (Rev-A),No,No,
NES/FC,Journey to Silius,PAL B,NES-4S-EEC (SCN),No,No,
NES/FC,Joust,NTSC (JP),HAL-JU,No,No,
NES/FC,Joy Mecha Fight,NTSC (JP),HVC-JM,No,No,
NES/FC,Kabuki Quantum Fighter,PAL B,NES-3K-SCN,No,No,"Label has come loose a bit at the top, and a few scratches here and there."
NES/FC,Karnov,NTSC (JP),??,No,No,
NES/FC,Kid Icarus,PAL B,NES-KI-EEC (FRG),No,No,
NES/FC,King Kong 2: Ikari no Megaton Punch,NTSC (JP),RC816,No,No,
NES/FC,Kirby's Adventure,NTSC (JP),HVC-KI,No,No,
NES/FC,Konami Wai Wai World,NTSC (JP),RC825,Yes,Yes,
NES/FC,Kyatto Ninden Teyandee,NTSC (JP),TCF-Y8,No,No,aka Samurai Pizza Cats
NES/FC,Legacy of the Wizard,NTSC (NA),NES-LC-USA,No,No,
NES/FC,Legendary Wings,NTSC (NA),NES-LE-USA,No,No,
NES/FC,Life Force Salamander,PAL B,NES-LF-EEC (SCN),Yes,No,
NES/FC,Little Nemo: The Dream Master,PAL B,NES-LN-NOE (DAS),No,No,
NES/FC,Lode Runner,NTSC (JP),HFC-LR,Yes,Yes,Cart label is yellow and only says Lode Runner and some other text. Later versions had a picture of the main character on the label.
NES/FC,Lunar Pool,NTSC (NA),NES-LP-USA,No,No,
NES/FC,Magical Tarurūto Kun: Fantastic World!!,NTSC (JP),??,No,No,
NES/FC,Mappy Land,NTSC (JP),,No,No,
NES/FC,Mappy,NTSC (JP),NMP-4500 (04),Yes,Yes,
NES/FC,Marble Madness,PAL B,NES-MV-NOE (DAS),Yes,Yes,
NES/FC,Mario Bros.,PAL B,NES-MA-EEC (SCN),No,No,
NES/FC,Mega Man 2,PAL B,NES-XR-EEC (SCN),Yes,Yes,"There's some sticker residue on the front of the box, but it's barely visible. Otherwise not far from mint."
NES/FC,Mega Man 3,PAL B,NES-XU-SCN,Yes,Yes,"Some shelf-wear on the very edges of the box, but otherwise really good condition."
NES/FC,Mega Man,PAL B,NES-MN-EEC (SCN),No,No,
NES/FC,Meikyūjima,NTSC (JP),<IF> 18?,No,No,aka Kickle Cubicle
NES/FC,Metal Gear,PAL B,NES-ME-EEC (SCN),No,No,
NES/FC,Metroid,NTSC (NA),NES-MT-USA (Rev-A),No,No,
NES/FC,Mighty Bomb Jack,NTSC (JP),,No,No,
NES/FC,Mighty Final Fight,NTSC (JP),CAP-SD,No,No,
NES/FC,Mike Tyson's Punch Out!!,PAL B,NES-PT-EEC (SCN),No,No,
NES/FC,Milon's Secret Castle,NTSC (NA),NES-KM-USA,No,No,
NES/FC,Monster Party,NTSC (NA),NES-P1-USA,No,No,
NES/FC,Mr. Gimmick!,PAL B,NES-G8-SCN,No,No,"A few microscratches on the label, but otherwise in good shape; label is still shiny."
NES/FC,Namco Classic,NTSC (JP),??,Yes,Yes,Namco clamshell case
NES/FC,Pac-Land,NTSC (JP),NPL-4500 (10),Yes,Yes,
NES/FC,Pac-Man,NTSC (JP),NPM-4500 (02),Yes,Yes,
NES/FC,Parodius Da!,NTSC (JP),RC849,No,No,Label is pretty sunfaded
NES/FC,Penguin-kun Wars,NTSC (JP),HSP-03,No,No,
NES/FC,Pin Bot,PAL B,NES-IO-NOE (DAS),No,No,
NES/FC,Pinball,PAL B,NES-PN-NOE (DAS),No,No,"""Classic series"" re-release"
NES/FC,Pooyan,NTSC (JP),HFC-PO,No,No,
NES/FC,Pro Yakyuu Family Stadium '88,NTSC (JP),??,Yes,No,Namco clamshell case
NES/FC,Puzznic,PAL B,NES-ZP-EEC (SCN),Yes,Yes,
NES/FC,Quinty,NTSC (JP),??,Yes,No,Namco clamshell case
NES/FC,Rad Racer,PAL B,NES-RC-NOE (DAS),Yes,Yes,No 3D glasses.
NES/FC,Rollerball,NTSC (NA),NES-RH-USA,No,No,
NES/FC,Rollergames,PAL B,NES-U5-SCN,No,No,Cartridge case cracked in shipping. Seller returned the money but let me keep the game anyway.
NES/FC,Rolling Thunder,NTSC (NA),??,No,No,Tengen cartridge
NES/FC,Rush 'n' Attack,PAL B,NES-RA-EEC (SCN),Yes,Yes,
NES/FC,Rygar,PAL B,NES-RY-EEC (SCN),No,No,
NES/FC,Section Z,NTSC (NA),NES-SZ-USA,No,No,
NES/FC,Senjō no Ōkami,NTSC (JP),CAP-SJ,Yes,Yes,aka Commando
NES/FC,Shadow Warriors: Ninja Gaiden,PAL B,NES-66-FRA (FAH-1),Yes,No,
NES/FC,Shanghai,NTSC (JP),??,Yes,Yes,A sticker has been removed from the front bottom right corner on the box which damaged it. Otherwise good.
NES/FC,Shatterhand,NTSC (NA),NES-9H-USA,No,No,
NES/FC,Side Pocket,NTSC (JP),??,Yes,Yes,Namco clamshell case. Came with end-label stickers in the box but haven't put any of them on the cart.
NES/FC,Sky Kid,NTSC (JP),NSK-3900 (18),Yes,Yes,
NES/FC,Snake Rattle 'n' Roll,NTSC (NA),NES-RJ-USA,No,No,
NES/FC,Solomon's Key,PAL B,NES-KE-EEC (SCN),Yes,Yes,
NES/FC,Solstice: The Quest for the Staff of Demnos,PAL B,NES-LX-SCN,No,No,
NES/FC,Spartan X,NTSC (JP),HVC-SX,No,No,aka Kung-Fu
NES/FC,Splatterhouse: Wanpaku Graffiti,NTSC (JP),??,Yes,No,
NES/FC,Sqoon,NTSC (JP),<IF> 04?,No,No,
NES/FC,Star Force,PAL B,NES-FO-EEC (SCN),No,No,
NES/FC,Star Luster,NTSC (JP),,Yes,Yes,
NES/FC,Star Soldier,NTSC (NA),NES-SO-USA,No,No,
NES/FC,Startropics,PAL B,NES-OC-SCN,Yes,No,Does not include the letter. Box is a little rough.
NES/FC,Street Fighter 2010: The Final Fight,NTSC (NA),NES-YA-USA,No,No,
NES/FC,Street Gangs,PAL B,NES-ST-FRA (FAH-1),No,No,
NES/FC,Strider,NTSC (NA),NES-HX-USA,Yes,Yes,
NES/FC,Super Chinese,NTSC (JP),NSC-4900 (15),Yes,Yes,Kung Fu Heroes in the west
NES/FC,Super Mario Bros. 2,PAL B,NES-MW-EEC (SCN),No,No,
NES/FC,Super Mario Bros. 3,NTSC (JP),HVC-UM,No,No,
NES/FC,Super Mario Bros. 3,PAL B,NES-UM-SCN,No,No,
NES/FC,Super Mario Bros.,NTSC (JP),HVC-SM,No,No,
NES/FC,Super Mario Bros.,PAL B,NES-SM-SCN,No,No,
NES/FC,Super Star Force,NTSC (JP),TCF-ST,No,No,
NES/FC,Super Xevious,NTSC (JP),??,Yes,Yes,Namco clamshell case. Gold cartridge. The gold finish has become a little scratched but not badly.
NES/FC,Tag Team Pro-Wrestling,NTSC (JP),NPW-4900 (13),Yes,Yes,Includes inserts and extra end-labels
NES/FC,Teenage Mutant Hero Turtles,PAL B,NES-88-EEC (SCN),No,No,
NES/FC,Teenage Mutant Ninja Turtles 2,NTSC (JP),RC863,No,No,Japanese TMNT3
NES/FC,Teenage Mutant Ninja Turtles,NTSC (JP),RC853,No,No,Japanese TMNT2
NES/FC,Tenkaichi Bushi: Keru Nagūru,NTSC (JP),??,Yes,Yes,Namco clamshell case
NES/FC,Tetris 2 + BomBliss,NTSC (JP),BPS-52,Yes,Yes,The box has a tear in it.
NES/FC,Tetris,NTSC (JP),BPS-T0,Yes,Yes,Japan-only BPS version
NES/FC,Tetris,NTSC (NA),NES-EI-USA,No,No,Just an NTSC copy of the above
NES/FC,Tetris,PAL B,NES-EI-EEC (SCN),Yes,Yes,"Small Box. The box is a bit damaged, especially the top flap which I've taped a little to make it close easier."
NES/FC,Tiger-Heli,PAL B,NES-TI-EEC (SCN),No,No,
NES/FC,Tiny Toon Adventures,PAL B,NES-NI-NOE (DAS),No,No,
NES/FC,Tower of Druaga,NTSC (JP),NTD-4900 (07),Yes,Yes,
NES/FC,Track & Field II,PAL B,NES-F2-NOE (DAS),No,No,
NES/FC,Trojan,PAL B,NES-TJ-EEC (SCN),No,No,
NES/FC,Twinbee 3,NTSC (JP),RC841,No,No,
NES/FC,Twinbee,NTSC (JP),RC807,No,No,
NES/FC,Ufouria: The Saga,PAL B,NES-6U-NOE (DAS),No,No,"Someone has written their name on the label with ink, but otherwise it looks really good. Label still shiny and no scratches."
NES/FC,VICE: Project Doom,NTSC (NA),NES-9G-USA,Yes,Yes,Almost mint
NES/FC,Valkyrie no Bouken,NTSC (JP),NWB-3900 (17),Yes,Yes,aka Adventure of Valkyrie. Includes map.
NES/FC,Wagyan Land,NTSC (JP),??,Yes,Yes,Namco clamshell case
NES/FC,Wai Wai World 2: SOS!! Parsley Jō,NTSC (JP),RC850,No,No,
NES/FC,Wario's Woods,NTSC (JP),HVC-UW,Yes,Yes,Some sticker residue on the front of the box.
NES/FC,Warpman,NTSC (JP),NWM-4500 (08),Yes,No,
NES/FC,Werewolf: The Last Warrior,NTSC (NA),NES-W8-USA (Rev-A),No,No,
NES/FC,Willow,NTSC (NA),NES-WI-USA,No,No,
NES/FC,Wrath of the Black Manta,PAL B,NES-WK-EEC (SCN),No,No,
NES/FC,Xevious,NTSC (JP),NXV-4900 (03),Yes,Yes,
NES/FC,Xexyz,NTSC (NA),NES-KO-USA,No,No,
NES/FC,Yie Ar Kung-Fu,NTSC (JP),RC802,Yes,Yes,
NES/FC,Yokai Dochuki,NTSC (JP),??,Yes,Yes,
NES/FC,Yume Penguin Monogatari,NTSC (JP),KDS-U8,No,No,
NES/FC,Zanac A.I.,NTSC (NA),NES-ZA-USA,No,No,
NES/FC,Zelda II: The Adventure of Link,PAL B,NES-AL-NOE (DAS),No,No,
NES/FC,rAf World,NTSC (JP),TEC-RF,Yes,Yes,Japanese version of Journey to Silius
Nintendo 3DS,"Legend of Zelda, the: A Link Between Worlds",PAL,LNA-CTR-BZLP-EUR,Yes,Yes,Box: TSA-CTR-BZLP-UKV
Nintendo 3DS,"Legend of Zelda, the: Majora's Mask 3D",PAL,LNA-CTR-AJRP-EUR,Yes,Yes,Box: TSA-CTR_AJRP-UK4
Nintendo 3DS,"Legend of Zelda, the: Ocarina of Time 3D",PAL,LNA-CTR-AQEP-EUR,Yes,Yes,Box has Product code: TSA-CTR-AQEP-SWD. Manual has Product code: MAA-CTR-AQEP-SWD.
Nintendo 3DS,Crush 3D,PAL,LNA-CTR-ACRP-EUR,Yes,Yes,Box: TSA-CTR-ACRP-UKV
Nintendo 3DS,Fire Emblem: Awakening,PAL,LNA-CTR-AFEP-EUR,Yes,Yes,Box: TSA-CTR-AFEP-UKV. Manual: MAA-CTR-AFEP-UKV.
Nintendo 3DS,Ghost Recon: Shadow Wars,PAL,LNA-CTR-AGRP-EUR,Yes,Yes,Box: TSA-CTR-AGRP-UKV. Manual: MAA-CTR-AGRP-UKV
Nintendo 3DS,Kid Icarus: Uprising,PAL,LNA-CTR-AKDP-EUR,Yes,Yes,"Box: TBA-CTR-AKDP-SWF, Manual: MAA-CTR-AKDP-SWF, Big box: CTR R AKDP (Scandinavian)"
Nintendo 3DS,Luigi's Mansion 2,PAL,LNA-CTR-AGGP-EUR,Yes,Yes,Box: TSA-CTR-AGGP-UKV. Manual: MAA-CTR-AGGP-UKV
Nintendo 3DS,Mario Kart 7,PAL,LNA-CTR-AMKP-EUR,Yes,Yes,Box has Product code: TSA-CTR-AMKP-SWD. Manual has Product code: MAA-CTR-AMKP-SWD
Nintendo 3DS,Pullblox,--,--,--,--,Downloadable game.
Nintendo 3DS,Puzzle Bobble Universe,PAL,LNA-CTR-ABBP-EUR,Yes,Yes,Box: TSA-CTR-ABBP-UKV. Manual: MAA-CTR-ABBP-UKV
Nintendo 3DS,Resident Evil: Revelations,PAL,LNA-CTR-ABRP-EUR,Yes,Yes,"Circle Pad Pro bundle. Box: TSA-CTR-ABRP-EUR, Manual: MAA-CTR-ABRP-UKV. CCP Box: CTR-R-ABRP (EUR)"
Nintendo 3DS,Starfox 64 3D,PAL,LNA-CTR-ANRP-EUR,Yes,Yes,Box has Product code: TSA-CTR-ANRP-UKV. Manual has Product code: MAA-CTR-ANRP-UKV.
Nintendo 3DS,Steel Diver,PAL,LNA-CTR-ASDP-EUR,Yes,Yes,Factory sealed: Box: TSA-CTR-ASDP-SWF
Nintendo 3DS,Super Mario 3D Land,PAL,LNA-CTR-AREP-EUR,Yes,Yes,Box has Product code: TSA-CTR-AREP-SWD. Manual has Product code: MAA-CTR-AREP-SWD.
Nintendo 3DS,Super Street Fighter IV: 3D Edition,PAL,LNA-CTR-ASSP-EUR,Yes,Yes,Box: TSA-CTR-ASSP-SWF
Nintendo 3DS,Tetris 3DS,PAL,LNA-CTR-ATLP-EUR,Yes,Yes,Box has Product code: TSA-CTR-ATLP-UKV. Manual has Product code MAA-CTR-ATLP-UKV
Nintendo 3DS,Zen Pinball 3DS,--,--,--,--,Downloadable game.
Nintendo 64,"Legend of Zelda, the: Majora's Mask",PAL,NUS-NZSP-EUR,Yes,Yes,Box has Product code: NUS-P-NZSP-NEU6. Manual has Product code: NUS-P-NZSP-NDIS
Nintendo 64,"Legend of Zelda, the: Ocarina of Time",PAL,NUS-NZLP-AUS,Yes,Yes,"Australian Collector's Edition with golden box, manual and cartridge."
Nintendo 64,"New Tetris, the",PAL,NUS-NRIP-EUR,No,No,
Nintendo 64,1080° Snowboarding,PAL,NUS-NTEP-EUR,No,No,
Nintendo 64,Banjo-Kazooie,PAL,NUS-NBKP-EUR,Yes,Yes,Box and manual has Product code: NUS-P-NBKP-NUKV
Nintendo 64,Banjo-Tooie,PAL,NUS-NB7P-EUR,No,No,
Nintendo 64,Beetle Adventure Racing!,PAL,NUS-NNSP-NOE,Yes,Yes,
Nintendo 64,Doom 64,PAL,NUS-NDMP-UKV,Yes,Yes,
Nintendo 64,Excitebike 64,PAL,NUS-NMXP-EUR,No,No,
Nintendo 64,Extreme-G,PAL,NUS-NEGP-EUR,No,No,
Nintendo 64,F-Zero X,PAL,NUS-NFZP-EUR,No,No,
Nintendo 64,Forsaken,PAL,NUS-NFOP-UKV,Yes,Yes,Box and manual has Product code: NUS-NFOP-SCN
Nintendo 64,Goldeneye: 007,PAL,NUS-NGEP-EUR,Yes,Yes,Player's Choice release. Manual has Product code: NUS-P-NGEP-NUK4-1. Box has both NUS-P-NGEP-NUKV and NUS-P-NGEE-NUKV.
Nintendo 64,Hybrid Heaven,PAL,NUS-NHVP-EUR,No,No,
Nintendo 64,Jet Force Gemini,PAL,NUS-NJFP-EUR,No,No,
Nintendo 64,Killer Instinct Gold,PAL,NUS-NKIP-EUR,No,Yes,Manual has Product code NUS-P-NKIP-NUK4
Nintendo 64,Lylat Wars,PAL,NUS-NFXP-EUR,No,No,
Nintendo 64,Magical Tetris Challenge,PAL,NUS-NMTP-EUR,No,No,
Nintendo 64,Mischief Makers,PAL,NUS-NTMP-EUR,No,No,
Nintendo 64,Perfect Dark,PAL,NUS-NPDP-EUR,No,No,
Nintendo 64,Rayman 2: The Great Escape,PAL,,No,No,
Nintendo 64,Shadow Man,PAL,NUS-NSPD-EUR,No,Yes,Manual has Product code NUS-NSDP-SCN and MAN64141.06-SCN. The cartridge also says CRT64141.00-EUR.
Nintendo 64,Super Mario 64,PAL,NUS-NSMP-EUR,No,No,
Nintendo 64,Super Smash Bros.,PAL,NUS-NALP-EUR,Yes,Yes,Box and manual has Product code: NUS-P-NALP-NEU-6
Nintendo 64,Tetrisphere,PAL,NUS-NTPP-EUR,No,No,
Nintendo 64,Turok,PAL,NUS-NTUP-EUR,No,No,
Nintendo 64,WWF No Mercy,PAL,NUS-NW4P-EUR-1,No,No,
Nintendo 64,Wave Race 64,PAL,NUS-NWRP-EUR,No,No,
Nintendo 64,World Cup 98,PAL,NUS-N8WP-UKV,No,No,
Nintendo 64,Yoshi's Story,PAL,NUS-NYSP-EUR,No,No,
Nintendo DS,"Legend of Zelda, the: Phantom Hourglass",PAL,NTR-AZEP-EUR,Yes,Yes,Box and manual has Product code: NTR-AZEP-SWD
Nintendo DS,"Legend of Zelda, the: Spirit Tracks",PAL,NTR-BKIP-EUR,Yes,Yes,Factory sealed. Box and probably manual has Product code: NTR-BKIP-SWD
Nintendo DS,Advance Wars: Dark Conflict,PAL,NTR-YW2P-EUR,Yes,Yes,Box and manual has Product code: NTR-YW2P-UKV
Nintendo DS,Advance Wars: Dual Strike,PAL,NTR-AWRP-EUR,Yes,Yes,Box and manual has Product code: NTR-AWRP-UKV
Nintendo DS,Animal Crossing: Wild World,PAL,NTR-ADMP-EUR,Yes,Yes,Box and manual has Product code: NTR-ADMP-UKV
Nintendo DS,Chrono Trigger,PAL,NTR-YQUP-EUR,Yes,Yes,Box and manual has Product code: NTR-YQUP-UKV
Nintendo DS,Cooking Guide: Can't Decide What To Eat?,PAL,NTR-CNVP-EUR,Yes,Yes,Box and manual has Product code: NTR-CNVP-UKV
Nintendo DS,Dr. Kawashima's Brain Training,PAL,NTR-ANDP-EUR,Yes,Yes,"Box has Product code: NTR-ANDP-UKV, Manual: NTR-ANDP-SWD"
Nintendo DS,Dragon Quest IX: Sentinels of the Starry Skies,PAL,NTR-YDQP-EUR,Yes,Yes,Factory Sealed. Box has Product code: NTR-YDQP-UKV-1
Nintendo DS,Dragon Quest VI: Realms of Revelation,PAL,NTR-YVIP-EUR,Yes,Yes,Box and manual has Product code: NTR-YDQP-SWD
Nintendo DS,Drawn to Life,PAL,NTR-YDWP-EUR,Yes,Yes,Box and manual has Product code: NTR-YDWP-UKV
Nintendo DS,Final Fantasy III,PAL,NTR-AFFP-EUR,Yes,Yes,Box and manual has Product code: NTR-AFFP-UKV
Nintendo DS,Final Fantasy Tactics Advance 2: Grimore of the rift,PAL,NTR-A6FP-EUR,Yes,Yes,Box and manual has Product code: NTR-A6FP-UKV
Nintendo DS,Freshly Picked Tingle's Rosy Rupeeland,PAL,NTR-ACHP-EUR,Yes,Yes,Factory Sealed. Box has Product code: NTR-ACHP-UKV
Nintendo DS,Giana Sisters DS,PAL,NTR-CYYP-EUR,Yes,Yes,Box has Product code: NTR-CYYP-SCN. Manual has Product code: NTR-CYYP-UKV
Nintendo DS,Grand Theft Auto: Chinatown Wars,PAL,NTR-YGXP-EUR,Yes,Yes,Box has Product code: NTR-YGXP-UXP. Manual has Product code: NTR-YGXP-UKV
Nintendo DS,Magical Starsign,PAL,NTR-AVCP-EUR,Yes,Yes,Factory Sealed. Box has Product code: NTR-AVCP-UKV
Nintendo DS,Mario & Luigi: Partners in Time,PAL,NTR-ARMP-EUR,Yes,Yes,Box has Product code: NTR-ARMP-FHUG. Manual has Product code: NTR-ARMP-UK4
Nintendo DS,Mario Kart DS,PAL,NTR-AMCP-EUR,Yes,Yes,Box has Product code: NTR-AMCP-UKV. Manual has Product code: NTR-AMCP-SWD. The box says “Not to be sold seperately”.
Nintendo DS,New Super Mario Bros.,PAL,NTR-A2DP-EUR,Yes,Yes,Box has Product code: NTR-A2DP-UKV. Manual has Product code: NTR-A2DP-UK4.
Nintendo DS,Nintendo DS Browser: For Nintendo DS,PAL,NTR-UBRP-EUR,Yes,Yes,Box and manual has Product code: NTR-UBRP-UKV. The one with the large memory expansion pak for DS Phat.
Nintendo DS,Nintendogs: Dachshund & Friends,PAL,NTR-ADGP-EUR,Yes,Yes,Box has Product code: NTR-ADGP-FHUG. Manual has Product code NTR-ADGP-UK4. The box says “Not to be sold seperately”.
Nintendo DS,Pokémon Diamond,PAL,NTR-ADAP-EUR,Yes,Yes,Box and manual has Product code: NTR-ADAP-SWD
Nintendo DS,Professor Layton and Pandora's Box,PAL,NTR-YLTP-EUR,Yes,Yes,Box and manual has Product code NTR-YLTP-SWD
Nintendo DS,Scribblenauts,PAL,NTR-BSLX-EUR,Yes,Yes,Factory Sealed. Box has Product code: NTR-BSLX-SCN.
Nintendo DS,Sonic Rush,PAL,NTR-ASCP-EUR,Yes,Yes,Box and manual has Product code: NTR-ASCP-EUR
Nintendo DS,Super Mario 64 DS,PAL,NTR-ASMP-EUR,Yes,Yes,Box has Product code: NTR-ASMP-UKV. Manual has Product code: NTR-ASMP-SCN
Nintendo DS,Super Scribblenauts,PAL,NTR-BH2X-EUR,Yes,Yes,Factory Sealed. Box has Product code: NTR-BH2X-SCN
Nintendo DS,Tetris DS,PAL,NTR-ATRP-EUR,Yes,Yes,Box and manual has Product code: NTR-ATRP-UKV
Nintendo DS,Ultimate Mortal Kombat 3,PAL,NTR-YUTP-EUR,Yes,Yes,Box and manual has Product code: NTR-YUTP-EUR
Nintendo DS,WarioWare: Touched,PAL,NTR-AZWP-EUR,Yes,Yes,Box has Product code: NTR-AZWP-FHUG. Manual has Product code: NTR-AZWP-UK4
Nintendo DS,Zoo Tycoon 2 DS,PAL,NTR-YZTP-EUR,Yes,Yes,Box and manual has Product code: NTR-YZTP-SCN
Philips CD-I,"7th Guest, the",PAL,811 0040,Yes,Yes,"Scratched game disc, doesn't work."
Philips CD-I,Alien Gate,PAL,810 0049,Yes,Yes,
Philips CD-I,Chaos Control,PAL,810 0020,Yes,Yes,
Philips CD-I,Dimo's Quest,PAL,810 0166,Yes,Yes,
Philips CD-I,Escape From Cybercity,PAL,310 690 071-2,No,No,"Disc says For Demonstration Only, Not For Resale. So I guess it's a demo."
Philips CD-I,Link: The Faces of Evil,PAL,810 0080,No,No,"Disc is a bit scratched so the map screen music eventually starts stuttering, but otherwise the game works fine."
Philips CD-I,Litil Devil,PAL,810 0169,Yes,No,
Philips CD-I,Lost Eden,PAL,810 0292,Yes,Yes,
Philips CD-I,Mega Maze,PAL,810 0156,Yes,Yes,
Philips CD-I,Mutant Rampage: Bodyslam,PAL,810 0179,Yes,Yes,
Philips CD-I,Tetris,PAL,,Yes,Yes,
Playstation 2,ICO,PAL,SCES-50760#,Yes,Yes,"Scandinavian release, signed by director Fumito Ueda"
Playstation,Chrono Cross,NTSC (NA),D1: SLUS-01041 D2: SLUS-01080GH,Yes,Yes,The jewel case is the original release while the manual is the Greatest Hits release. Disc 1 is original release and Disc 2 is GH.
Pokémon Mini,Pokémon Tetris,PAL,MIN-MSTP-EUR,Yes,Yes,
SNES/SFC,"Addams Family, the",NTSC (NA),SNS-AF-USA,Yes,Yes,
SNES/SFC,"King of Dragons, the",NTSC (JP),SHVC-EI,No,No,
SNES/SFC,"Legend of Zelda, the: A Link to the Past",PAL,SNSP-ZL-UKV,Yes,Yes,A small piece of the map has been torn of from the lower left corner.
SNES/SFC,"Magical Quest Starring Mickey Mouse, the",PAL,SNSP-MI-SCN,Yes,No,One of the worst-condition boxes in my collection.
SNES/SFC,Battle Dodgeball,NTSC (JP),SHVC-BD,No,No,
SNES/SFC,Battletoads in Battlemaniacs,PAL,SNSP-NX-UKV,No,No,
SNES/SFC,Bubsy,PAL,SNSP-YN-SCN,No,No,
SNES/SFC,Contra Spirits,NTSC (JP),SHVC-CS,No,No,Aka Contra III: The Alien Wars
SNES/SFC,Darius Twin,PAL,SNSP-DT-SCN,No,No,
SNES/SFC,Desert Strike,NTSC (NA),SNS-RG-USA,No,No,
SNES/SFC,DoReMi Fantasy: Milon no Doki Doki Daibouken,NTSC (JP),SHVC-AM4J-JPN,No,No,
SNES/SFC,Donkey Kong Country 2,PAL,SNSP-ADNP-SCN,Yes,Yes,
SNES/SFC,Donkey Kong Country 3,PAL,SNSP-A3CP-NUKV,Yes,Yes,Nintendo Classics re-release
SNES/SFC,Donkey Kong Country,PAL,SNSP-8X-SCN,No,No,Got this bundled with my first SNES.
SNES/SFC,Earthbound,NTSC (NA),SNS-MB-USA,Yes,No,"Regular size box that says “For display only”.The box's Product code is SNS-OO-USA, or maybe that's SNS-00-USA."
SNES/SFC,F-Zero,PAL,SNSP-FZ-UKV,Yes,Yes,
SNES/SFC,Final Fantasy III,NTSC (NA),SNS-F6-USA,Yes,Yes,Includes the map
SNES/SFC,Firepower 2000,NTSC (NA),SNS-FW-USA,No,No,aka Super SWIV
SNES/SFC,Front Mission: Gun Hazard,NTSC (JP),SHVC-AZGJ-JPN,Yes,Yes,
SNES/SFC,Garou Densetsu Special,NTSC (JP),SHVC-3R,No,No,aka Fatal Fury Special
SNES/SFC,Goof Troop,PAL,SNSP-G6-UKV,No,No,
SNES/SFC,Gradius III,NTSC (JP),SHVC-G3-JPN,Yes,Yes,
SNES/SFC,Home Alone,PAL,SNSP-HA-UKV,No,No,
SNES/SFC,Kid Klown in Crazy Chaze,PAL,SNSP-ZI-UKV,No,No,
SNES/SFC,Kirby Bowl,NTSC (JP),SHVC-CG,No,No,aka Kirby's Dream Course
SNES/SFC,Kirby's Dream Land 3,NTSC (JP),SHVC-AFJJ-JPN,No,No,aka Hoshi no Kirby 3
SNES/SFC,Magic Sword,NTSC (JP),SHVC-MD,No,No,
SNES/SFC,Magical Tarurūto Kun: Magic Adventure,NTSC (JP),SHVC-TL,No,No,
SNES/SFC,Mario & Wario,NTSC (JP),SHVC-WE,Yes,Yes,Mint condition
SNES/SFC,Mario Paint,NTSC (JP),SHVC-MP,No,No,
SNES/SFC,Mario's Super Picross,NTSC (JP),SHVC-ACXJ-JPN,No,No,
SNES/SFC,Mega Man X,PAL,SNSP-RX-SCN,No,No,
SNES/SFC,Mickey and Minnie: Magical Adventure 2,NTSC (JP),SHVC-4C,No,No,Magical Quest 2
SNES/SFC,Mortal Kombat II,PAL,SNSP-28-EUR,Yes,Yes,
SNES/SFC,Mortal Kombat,NTSC (NA),SNS-KX-USA,No,No,An actual original cartridge of the above
SNES/SFC,Mortal Kombat,PAL,???,Yes,Yes,"Probably a pirate copy. Cart has a Japanese back label but works in PAL machines, Box is SFC sized but without the Super Famicom logo on it, the manual claims it's USA regioned.."
SNES/SFC,Mystic Quest Legend,PAL,SNSP-MQ-UKV,Yes,Yes,"Includes the map. The box is pretty ugly with a huge badly torn off sticker on the front, tainting it forever."
SNES/SFC,NBA All-Star Challenge,NTSC (NA),SNS-NB-USA,No,No,
SNES/SFC,NHL 95,PAL,SNSP-ANHP-SCN,No,No,
SNES/SFC,Panel de Pon,NTSC (JP),SHVC-AYLJ-JPN,Yes,Yes,
SNES/SFC,Parodius Da!,NTSC (JP),SHVC-PD,Yes,Yes,
SNES/SFC,Pilotwings,PAL,SNSP-PW-SCN,No,No,
SNES/SFC,Pitfall: The Mayan Adventure,NTSC (NA),SNS-APAE-USA,No,No,"""Assembled in Mexico"""
SNES/SFC,Plok,PAL,SNSP-P4-UKV,No,No,
SNES/SFC,Prince of Persia,NTSC (NA),SNS-PR-USA,Yes,Yes,
SNES/SFC,Puzzle Bobble,NTSC (JP),SHVC-AYKJ-JPN,Yes,Yes,
SNES/SFC,Race Drivin',NTSC (NA),SNS-RV-USA,No,No,
SNES/SFC,Rockman X2,NTSC (JP),SHVC-ARXJ-JPN,No,No,
SNES/SFC,Rockman X3,NTSC (JP),SHVC-AR3J-JPN,No,No,
SNES/SFC,Ryuuko no Ken,NTSC (JP),SHVC-RW,No,No,Aka Art of Fighting. Is possibly a pirate cartridge.
SNES/SFC,Sailor Moon R,NTSC (JP),SHVC-2Q,Yes,Yes,
SNES/SFC,Sailor Moon,NTSC (JP),SHVC-AE,No,No,
SNES/SFC,Sanrio World: Smash Ball!,NTSC (JP),SHVC-S7,Yes,Yes,
SNES/SFC,Sensible Soccer,PAL,SNSP-8S-NOE,Yes,Yes,
SNES/SFC,Sim City,PAL,SNSP-SC-SCN,No,No,
SNES/SFC,Smart Ball,NTSC (NA),SNS-JB-USA,No,No,
SNES/SFC,Street Fighter II Turbo,NTSC (JP),SHVC-TI,No,No,
SNES/SFC,Street Fighter II,PAL,SNSP-S2-SCN,Yes,No,
SNES/SFC,Street Fighter Zero 2,NTSC (JP),SHVC-AUZJ-JPN,No,No,aka Street Fighter Alpha 2
SNES/SFC,Street Racer,PAL,SNSP-ASRP-EUR,No,No,
SNES/SFC,Stunt Race FX,PAL,SNSP-CQ-ESP,Yes,Yes,Box and manual is SNSP-CQ-NOE
SNES/SFC,Super Adventure Island,PAL,SNSP-H2-SCN,No,No,
SNES/SFC,Super Battletank,PAL,SNSP-SB-SCN,No,No,
SNES/SFC,Super Bomberman 2,NTSC (JP),SHVC-M4,No,No,
SNES/SFC,Super Bomberman 3,NTSC (JP),SHVC-AS6J-JPN,Yes,Yes,Box has product code: SHVC-P-AS6J(JPN)
SNES/SFC,Super Bombliss,NTSC (JP),SHVC-ABOJ-JPN,Yes,Yes,
SNES/SFC,Super Castlevania IV,PAL,SNSP-AD-SCN,No,No,
SNES/SFC,Super Ghouls 'n Ghosts,NTSC (NA),SNS-CM-USA,No,No,
SNES/SFC,Super Mario All-Stars,PAL,SNSP-4M-SCN,No,No,
SNES/SFC,Super Mario Kart,PAL,SNSP-MK-EUR,No,No,
SNES/SFC,Super Mario World 2: Yoshi's Island,PAL,SNSP-YI-SCN,No,No,
SNES/SFC,Super Mario World,PAL,SNSP-MW-SCN,No,No,
SNES/SFC,Super Metroid,PAL,SNSP-RI-NOE,No,No,German/French subtitles
SNES/SFC,Super Nazo Puyo,NTSC (JP),SHVC-ANQJ-JPN,Yes,Yes,Box has product code: SHVC-P-ANQJ(JPN)
SNES/SFC,Super Puyo Puyo 2: Remix,NTSC (JP),SHVC-A7PJ-JPN,Yes,Yes,Box and manual is for regular Super Puyo Puyo 2
SNES/SFC,Super Puyo Puyo,NTSC (JP),SHVC-PQ,No,No,
SNES/SFC,Super Scope 6,PAL,,Yes,No,
SNES/SFC,Super Soccer,PAL,SNSP-FS-NOE,No,No,
SNES/SFC,Super Street Fighter II,NTSC (JP),SHVC-XW,No,No,
SNES/SFC,Super Tennis,PAL,SNSP-ST-NOE,Yes,Yes,
SNES/SFC,Super Tetris 2 + Bombliss,NTSC (JP),SHVC-5T,Yes,Yes,"Limited, aka Genteiban, release with black boxart"
SNES/SFC,Super Tetris 3,NTSC (JP),SHVC-AT3J-JPN,Yes,Yes,
SNES/SFC,T2 Terminator 2: Judgement Day,NTSC (NA),SNS-TP-USA,No,No,
SNES/SFC,Teenage Mutant Ninja Turtles: Turtles in Time,NTSC (JP),SHVC-TM,No,No,
SNES/SFC,Tetris Battle Gaiden,NTSC (JP),SHVC-4G,No,No,
SNES/SFC,The Simpsons: Bart's Nightmare,PAL,SNSP-BN-SCN,No,No,
SNES/SFC,Tintin in Tibet,PAL,SNSP-AT6P-NOE,No,No,"Says ""Tim in Tibet"" on the label but you can set the language to English in the actual game."
SNES/SFC,Top Gear,PAL,SNSP-TR-SCN,No,No,
SNES/SFC,Umihara Kawase,NTSC (JP),SHVC-ATAJ-JPN,Yes,Yes,Some sticker residue on the box but otherwise very good.
Virtual Boy,V-Tetris,NTSC (JP),VUE-VTRJ-JPN,Yes,Yes,
Wii,"Legend of Zelda, the: Skyward Sword",PAL,RVL-SOUP-EUR,Yes,Yes,Factory Sealed. Box has Product code: RVL-SOUP-SWD
Wii,"Legend of Zelda, the: Twilight Princess",PAL,RVL-RZDP-EUR,Yes,Yes,Box and manual has Product code: RVL-RZDP-SWD
Wii,A Boy And His Blob,PAL,RVL-SBLP-UKV-BO,Yes,Yes,Box and manual has Product code: RVL-SBLP-UKV
Wii,Disaster: Day of Crisis,PAL,RVL-RDZP-EUR,Yes,Yes,Box and manual has Product code: RVL-RDZP-SWD
Wii,Endless Ocean 2: Adventures of the Deep,PAL,,Yes,Yes,
Wii,Endless Ocean,PAL,,Yes,Yes,
Wii,Excite Truck,PAL,RVL-REXP-EUR,Yes,Yes,Box and manual has Product code: RVL-REXP-SWD
Wii,Geometry Wars: Galaxies,PAL,RVL-RGLP-EUR,Yes,Yes,Box and manual has Product code: RVL-RGLP-UKV
Wii,Link's Crossbow Training,PAL,RVL-RZPP-EUR,Yes,Yes,Box and manual has Product code: RVL-RZPP-SWD
Wii,MadWorld,PAL,RVL-RZZP-EUR,Yes,Yes,Factory Sealed. Box has Product code: RVL-RZZP-UKV
Wii,Manhunt 2,PAL,RVL-RHTP-EUR,Yes,Yes,Box and manual has Product code: RVL-RHTP-UKV
Wii,Metroid Prime 3: Corruption,PAL,RVL-RM3P-EUR,Yes,Yes,Box and manual has Product code: RVL-RM3P-SWD
Wii,Metroid Prime Trilogy,PAL,RVL-R3MP-EUR,Yes,Yes,Factory Sealed. Box has Product code: RVL-R3MP-UKV
Wii,No More Heroes 2: Desperate Struggle,PAL,RVL-RUYP-EUR,Yes,Yes,Box and manual has Product code: RVL-RUYP-UKV
Wii,No More Heroes,PAL,RVL-RNHP-EUR,Yes,Yes,Box and manual has Product code: RVL-RNHP-UKV
Wii,Rayman Raving Rabbids,PAL,RVL-RRBP-EUR,Yes,Yes,Box has Product code: RVL-RRBP-SCN. Manual has Product code RVL-RRBP-UKV.
Wii,Red Steel 2,PAL,RVL-RD2P-UKV-BO,Yes,Yes,Box and manual has Product code: RVL-RD2P-UKV
Wii,Red Steel,PAL,RVL-REDP-EUR,Yes,Yes,Box has Product code: RVL-REDP-SCN. Manual has Product code: RVL-REDP-UKV.
Wii,Resident Evil: Umbrella Chronicles,PAL,RVL-RBUP-EUR,Yes,Yes,Box and manual has Product code: RVL-RBUP-SWD
Wii,Sin & Punishment: Successor of the Skies,PAL,RVL-R2VP-EUR,Yes,Yes,Factory Sealed. Box has Product code: RVL-R2VP-UKV
Wii,Super Mario All-Stars: 25th Anniversary Edition,PAL,RVL-SVMP-EUR,Yes,Yes,Box has Product code: RVL-SVMP-UKV
Wii,Super Mario Galaxy,PAL,RVL-RMGP-EUR,Yes,Yes,Box and manual has Product code: RVL-RMGP-SWD
Wii,Super Monkey Ball: Step & Roll,PAL,RVL-SMBP-EUR-BO,Yes,Yes,Box and manual has Product code: RVL-SMBP-UKV
Wii,Super Smash Bros. Brawl,PAL,RVL-RSBP-EUR,Yes,Yes,Box and manual has Product code: RVL-RSBP-SWD
Wii,TrackMania,PAL,RVL-R6RP-EUR-BO,Yes,Yes,Box and manual has Product code: RVL-R6RP-UKV
Wii,Wario Land: The Shake Dimension,PAL,,Yes,Yes,
Wii,WarioWare: Smooth Moves,PAL,RVL-RODP-EUR,Yes,Yes,Box and manual has Product code: RVL-RODP-SWD
Wii,Wii Sports,PAL,RVL-RSPP-EUR,Yes,Yes,Box and manual has Product code: RVL-RSPP-SWD
Wii,Xenoblade Chronicles,PAL,RVL-SX4P-EUR,Yes,Yes,Factory Sealed. Box has Product code: RVL-SX4P-UKV
Wii,Ōkami,PAL,RVL-ROWP-EUR,Yes,Yes,Factory Sealed. Box has Product code: RVL-ROWP-UKV
